Workbook

Sheet crm_data
A1: =IFERROR(__xludf.DUMMYFUNCTION("IMPORTRANGE(""https://docs.google.com/spreadsheets/d/1JA61vI-6je-zfvXewBSeLRLJ7tn_aDncp6iyXTcRkgg/edit?usp=sharing"", ""CRM_Database!A1:E101"")"),"ID") -> ID | B1: =IFERROR(__xludf.DUMMYFUNCTION("""COMPUTED_VALUE"""),"Ім’я") -> Ім’я | C1: =IFERROR(__xludf.DUMMYFUNCTION("""COMPUTED_VALUE"""),"Місто") -> Місто | D1: =IFERROR(__xludf.DUMMYFUNCTION("""COMPUTED_VALUE"""),"Статус") -> Статус | E1: =IFERROR(__xludf.DUMMYFUNCTION("""COMPUTED_VALUE"""),"Канал") -> Канал
A2: =IFERROR(__xludf.DUMMYFUNCTION("""COMPUTED_VALUE"""),1001.0) -> 1001 | B2: =IFERROR(__xludf.DUMMYFUNCTION("""COMPUTED_VALUE"""),"Марина") -> Марина | C2: =IFERROR(__xludf.DUMMYFUNCTION("""COMPUTED_VALUE"""),"Київ") -> Київ | D2: =IFERROR(__xludf.DUMMYFUNCTION("""COMPUTED_VALUE"""),"Активний") -> Активний | E2: =IFERROR(__xludf.DUMMYFUNCTION("""COMPUTED_VALUE"""),"Instagram") -> Instagram
A3: =IFERROR(__xludf.DUMMYFUNCTION("""COMPUTED_VALUE"""),1002.0) -> 1002 | B3: =IFERROR(__xludf.DUMMYFUNCTION("""COMPUTED_VALUE"""),"Андрій") -> Андрій | C3: =IFERROR(__xludf.DUMMYFUNCTION("""COMPUTED_VALUE"""),"Львів") -> Львів | D3: =IFERROR(__xludf.DUMMYFUNCTION("""COMPUTED_VALUE"""),"Потенційний") -> Потенційний | E3: =IFERROR(__xludf.DUMMYFUNCTION("""COMPUTED_VALUE"""),"Facebook") -> Facebook
A4: =IFERROR(__xludf.DUMMYFUNCTION("""COMPUTED_VALUE"""),1003.0) -> 1003 | B4: =IFERROR(__xludf.DUMMYFUNCTION("""COMPUTED_VALUE"""),"Олена") -> Олена | C4: =IFERROR(__xludf.DUMMYFUNCTION("""COMPUTED_VALUE"""),"Одеса") -> Одеса | D4: =IFERROR(__xludf.DUMMYFUNCTION("""COMPUTED_VALUE"""),"Неактивний") -> Неактивний | E4: =IFERROR(__xludf.DUMMYFUNCTION("""COMPUTED_VALUE"""),"Email") -> Email
A5: =IFERROR(__xludf.DUMMYFUNCTION("""COMPUTED_VALUE"""),1004.0) -> 1004 | B5: =IFERROR(__xludf.DUMMYFUNCTION("""COMPUTED_VALUE"""),"Тетяна") -> Тетяна | C5: =IFERROR(__xludf.DUMMYFUNCTION("""COMPUTED_VALUE"""),"Харків") -> Харків | D5: =IFERROR(__xludf.DUMMYFUNCTION("""COMPUTED_VALUE"""),"Активний") -> Активний | E5: =IFERROR(__xludf.DUMMYFUNCTION("""COMPUTED_VALUE"""),"Google Ads") -> Google Ads
A6: =IFERROR(__xludf.DUMMYFUNCTION("""COMPUTED_VALUE"""),1005.0) -> 1005 | B6: =IFERROR(__xludf.DUMMYFUNCTION("""COMPUTED_VALUE"""),"Дмитро") -> Дмитро | C6: =IFERROR(__xludf.DUMMYFUNCTION("""COMPUTED_VALUE"""),"Дніпро") -> Дніпро | D6: =IFERROR(__xludf.DUMMYFUNCTION("""COMPUTED_VALUE"""),"Потенційний") -> Потенційний | E6: =IFERROR(__xludf.DUMMYFUNCTION("""COMPUTED_VALUE"""),"YouTube") -> YouTube
A7: =IFERROR(__xludf.DUMMYFUNCTION("""COMPUTED_VALUE"""),1006.0) -> 1006 | B7: =IFERROR(__xludf.DUMMYFUNCTION("""COMPUTED_VALUE"""),"Сергій") -> Сергій | C7: =IFERROR(__xludf.DUMMYFUNCTION("""COMPUTED_VALUE"""),"Вінниця") -> Вінниця | D7: =IFERROR(__xludf.DUMMYFUNCTION("""COMPUTED_VALUE"""),"Неактивний") -> Неактивний | E7: =IFERROR(__xludf.DUMMYFUNCTION("""COMPUTED_VALUE"""),"TikTok") -> TikTok
A8: =IFERROR(__xludf.DUMMYFUNCTION("""COMPUTED_VALUE"""),1007.0) -> 1007 | B8: =IFERROR(__xludf.DUMMYFUNCTION("""COMPUTED_VALUE"""),"Юлія") -> Юлія | C8: =IFERROR(__xludf.DUMMYFUNCTION("""COMPUTED_VALUE"""),"Запоріжжя") -> Запоріжжя | D8: =IFERROR(__xludf.DUMMYFUNCTION("""COMPUTED_VALUE"""),"Активний") -> Активний | E8: =IFERROR(__xludf.DUMMYFUNCTION("""COMPUTED_VALUE"""),"Instagram") -> Instagram
A9: =IFERROR(__xludf.DUMMYFUNCTION("""COMPUTED_VALUE"""),1008.0) -> 1008 | B9: =IFERROR(__xludf.DUMMYFUNCTION("""COMPUTED_VALUE"""),"Назар") -> Назар | C9: =IFERROR(__xludf.DUMMYFUNCTION("""COMPUTED_VALUE"""),"Полтава") -> Полтава | D9: =IFERROR(__xludf.DUMMYFUNCTION("""COMPUTED_VALUE"""),"Потенційний") -> Потенційний | E9: =IFERROR(__xludf.DUMMYFUNCTION("""COMPUTED_VALUE"""),"Facebook") -> Facebook
A10: =IFERROR(__xludf.DUMMYFUNCTION("""COMPUTED_VALUE"""),1009.0) -> 1009 | B10: =IFERROR(__xludf.DUMMYFUNCTION("""COMPUTED_VALUE"""),"Ірина") -> Ірина | C10: =IFERROR(__xludf.DUMMYFUNCTION("""COMPUTED_VALUE"""),"Черкаси") -> Черкаси | D10: =IFERROR(__xludf.DUMMYFUNCTION("""COMPUTED_VALUE"""),"Неактивний") -> Неактивний | E10: =IFERROR(__xludf.DUMMYFUNCTION("""COMPUTED_VALUE"""),"Email") -> Email
A11: =IFERROR(__xludf.DUMMYFUNCTION("""COMPUTED_VALUE"""),1010.0) -> 1010 | B11: =IFERROR(__xludf.DUMMYFUNCTION("""COMPUTED_VALUE"""),"Богдан") -> Богдан | C11: =IFERROR(__xludf.DUMMYFUNCTION("""COMPUTED_VALUE"""),"Ужгород") -> Ужгород | D11: =IFERROR(__xludf.DUMMYFUNCTION("""COMPUTED_VALUE"""),"Активний") -> Активний | E11: =IFERROR(__xludf.DUMMYFUNCTION("""COMPUTED_VALUE"""),"Google Ads") -> Google Ads
A12: =IFERROR(__xludf.DUMMYFUNCTION("""COMPUTED_VALUE"""),1011.0) -> 1011 | B12: =IFERROR(__xludf.DUMMYFUNCTION("""COMPUTED_VALUE"""),"Анастасія") -> Анастасія | C12: =IFERROR(__xludf.DUMMYFUNCTION("""COMPUTED_VALUE"""),"Київ") -> Київ | D12: =IFERROR(__xludf.DUMMYFUNCTION("""COMPUTED_VALUE"""),"Потенційний") -> Потенційний | E12: =IFERROR(__xludf.DUMMYFUNCTION("""COMPUTED_VALUE"""),"YouTube") -> YouTube
A13: =IFERROR(__xludf.DUMMYFUNCTION("""COMPUTED_VALUE"""),1012.0) -> 1012 | B13: =IFERROR(__xludf.DUMMYFUNCTION("""COMPUTED_VALUE"""),"Максим") -> Максим | C13: =IFERROR(__xludf.DUMMYFUNCTION("""COMPUTED_VALUE"""),"Львів") -> Львів | D13: =IFERROR(__xludf.DUMMYFUNCTION("""COMPUTED_VALUE"""),"Неактивний") -> Неактивний | E13: =IFERROR(__xludf.DUMMYFUNCTION("""COMPUTED_VALUE"""),"TikTok") -> TikTok
A14: =IFERROR(__xludf.DUMMYFUNCTION("""COMPUTED_VALUE"""),1013.0) -> 1013 | B14: =IFERROR(__xludf.DUMMYFUNCTION("""COMPUTED_VALUE"""),"Анна") -> Анна | C14: =IFERROR(__xludf.DUMMYFUNCTION("""COMPUTED_VALUE"""),"Одеса") -> Одеса | D14: =IFERROR(__xludf.DUMMYFUNCTION("""COMPUTED_VALUE"""),"Активний") -> Активний | E14: =IFERROR(__xludf.DUMMYFUNCTION("""COMPUTED_VALUE"""),"Instagram") -> Instagram
A15: =IFERROR(__xludf.DUMMYFUNCTION("""COMPUTED_VALUE"""),1014.0) -> 1014 | B15: =IFERROR(__xludf.DUMMYFUNCTION("""COMPUTED_VALUE"""),"Артем") -> Артем | C15: =IFERROR(__xludf.DUMMYFUNCTION("""COMPUTED_VALUE"""),"Харків") -> Харків | D15: =IFERROR(__xludf.DUMMYFUNCTION("""COMPUTED_VALUE"""),"Потенційний") -> Потенційний | E15: =IFERROR(__xludf.DUMMYFUNCTION("""COMPUTED_VALUE"""),"Facebook") -> Facebook
A16: =IFERROR(__xludf.DUMMYFUNCTION("""COMPUTED_VALUE"""),1015.0) -> 1015 | B16: =IFERROR(__xludf.DUMMYFUNCTION("""COMPUTED_VALUE"""),"Олександр") -> Олександр | C16: =IFERROR(__xludf.DUMMYFUNCTION("""COMPUTED_VALUE"""),"Дніпро") -> Дніпро | D16: =IFERROR(__xludf.DUMMYFUNCTION("""COMPUTED_VALUE"""),"Неактивний") -> Неактивний | E16: =IFERROR(__xludf.DUMMYFUNCTION("""COMPUTED_VALUE"""),"Email") -> Email
A17: =IFERROR(__xludf.DUMMYFUNCTION("""COMPUTED_VALUE"""),1016.0) -> 1016 | B17: =IFERROR(__xludf.DUMMYFUNCTION("""COMPUTED_VALUE"""),"Катерина") -> Катерина | C17: =IFERROR(__xludf.DUMMYFUNCTION("""COMPUTED_VALUE"""),"Вінниця") -> Вінниця | D17: =IFERROR(__xludf.DUMMYFUNCTION("""COMPUTED_VALUE"""),"Активний") -> Активний | E17: =IFERROR(__xludf.DUMMYFUNCTION("""COMPUTED_VALUE"""),"Google Ads") -> Google Ads
A18: =IFERROR(__xludf.DUMMYFUNCTION("""COMPUTED_VALUE"""),1017.0) -> 1017 | B18: =IFERROR(__xludf.DUMMYFUNCTION("""COMPUTED_VALUE"""),"Віктор") -> Віктор | C18: =IFERROR(__xludf.DUMMYFUNCTION("""COMPUTED_VALUE"""),"Запоріжжя") -> Запоріжжя | D18: =IFERROR(__xludf.DUMMYFUNCTION("""COMPUTED_VALUE"""),"Потенційний") -> Потенційний | E18: =IFERROR(__xludf.DUMMYFUNCTION("""COMPUTED_VALUE"""),"YouTube") -> YouTube
A19: =IFERROR(__xludf.DUMMYFUNCTION("""COMPUTED_VALUE"""),1018.0) -> 1018 | B19: =IFERROR(__xludf.DUMMYFUNCTION("""COMPUTED_VALUE"""),"Алла") -> Алла | C19: =IFERROR(__xludf.DUMMYFUNCTION("""COMPUTED_VALUE"""),"Полтава") -> Полтава | D19: =IFERROR(__xludf.DUMMYFUNCTION("""COMPUTED_VALUE"""),"Неактивний") -> Неактивний | E19: =IFERROR(__xludf.DUMMYFUNCTION("""COMPUTED_VALUE"""),"TikTok") -> TikTok
A20: =IFERROR(__xludf.DUMMYFUNCTION("""COMPUTED_VALUE"""),1019.0) -> 1019 | B20: =IFERROR(__xludf.DUMMYFUNCTION("""COMPUTED_VALUE"""),"Ярослав") -> Ярослав | C20: =IFERROR(__xludf.DUMMYFUNCTION("""COMPUTED_VALUE"""),"Черкаси") -> Черкаси | D20: =IFERROR(__xludf.DUMMYFUNCTION("""COMPUTED_VALUE"""),"Активний") -> Активний | E20: =IFERROR(__xludf.DUMMYFUNCTION("""COMPUTED_VALUE"""),"Instagram") -> Instagram
A21: =IFERROR(__xludf.DUMMYFUNCTION("""COMPUTED_VALUE"""),1020.0) -> 1020 | B21: =IFERROR(__xludf.DUMMYFUNCTION("""COMPUTED_VALUE"""),"Роман") -> Роман | C21: =IFERROR(__xludf.DUMMYFUNCTION("""COMPUTED_VALUE"""),"Ужгород") -> Ужгород | D21: =IFERROR(__xludf.DUMMYFUNCTION("""COMPUTED_VALUE"""),"Потенційний") -> Потенційний | E21: =IFERROR(__xludf.DUMMYFUNCTION("""COMPUTED_VALUE"""),"Facebook") -> Facebook
A22: =IFERROR(__xludf.DUMMYFUNCTION("""COMPUTED_VALUE"""),1021.0) -> 1021 | B22: =IFERROR(__xludf.DUMMYFUNCTION("""COMPUTED_VALUE"""),"Олег") -> Олег | C22: =IFERROR(__xludf.DUMMYFUNCTION("""COMPUTED_VALUE"""),"Київ") -> Київ | D22: =IFERROR(__xludf.DUMMYFUNCTION("""COMPUTED_VALUE"""),"Неактивний") -> Неактивний | E22: =IFERROR(__xludf.DUMMYFUNCTION("""COMPUTED_VALUE"""),"Email") -> Email
A23: =IFERROR(__xludf.DUMMYFUNCTION("""COMPUTED_VALUE"""),1022.0) -> 1022 | B23: =IFERROR(__xludf.DUMMYFUNCTION("""COMPUTED_VALUE"""),"Світлана") -> Світлана | C23: =IFERROR(__xludf.DUMMYFUNCTION("""COMPUTED_VALUE"""),"Львів") -> Львів | D23: =IFERROR(__xludf.DUMMYFUNCTION("""COMPUTED_VALUE"""),"Активний") -> Активний | E23: =IFERROR(__xludf.DUMMYFUNCTION("""COMPUTED_VALUE"""),"Google Ads") -> Google Ads
A24: =IFERROR(__xludf.DUMMYFUNCTION("""COMPUTED_VALUE"""),1023.0) -> 1023 | B24: =IFERROR(__xludf.DUMMYFUNCTION("""COMPUTED_VALUE"""),"Жанна") -> Жанна | C24: =IFERROR(__xludf.DUMMYFUNCTION("""COMPUTED_VALUE"""),"Одеса") -> Одеса | D24: =IFERROR(__xludf.DUMMYFUNCTION("""COMPUTED_VALUE"""),"Потенційний") -> Потенційний | E24: =IFERROR(__xludf.DUMMYFUNCTION("""COMPUTED_VALUE"""),"YouTube") -> YouTube
A25: =IFERROR(__xludf.DUMMYFUNCTION("""COMPUTED_VALUE"""),1024.0) -> 1024 | B25: =IFERROR(__xludf.DUMMYFUNCTION("""COMPUTED_VALUE"""),"Ігор") -> Ігор | C25: =IFERROR(__xludf.DUMMYFUNCTION("""COMPUTED_VALUE"""),"Харків") -> Харків | D25: =IFERROR(__xludf.DUMMYFUNCTION("""COMPUTED_VALUE"""),"Неактивний") -> Неактивний | E25: =IFERROR(__xludf.DUMMYFUNCTION("""COMPUTED_VALUE"""),"TikTok") -> TikTok
A26: =IFERROR(__xludf.DUMMYFUNCTION("""COMPUTED_VALUE"""),1025.0) -> 1025 | B26: =IFERROR(__xludf.DUMMYFUNCTION("""COMPUTED_VALUE"""),"Зоряна") -> Зоряна | C26: =IFERROR(__xludf.DUMMYFUNCTION("""COMPUTED_VALUE"""),"Дніпро") -> Дніпро | D26: =IFERROR(__xludf.DUMMYFUNCTION("""COMPUTED_VALUE"""),"Активний") -> Активний | E26: =IFERROR(__xludf.DUMMYFUNCTION("""COMPUTED_VALUE"""),"Instagram") -> Instagram
A27: =IFERROR(__xludf.DUMMYFUNCTION("""COMPUTED_VALUE"""),1026.0) -> 1026 | B27: =IFERROR(__xludf.DUMMYFUNCTION("""COMPUTED_VALUE"""),"Руслан") -> Руслан | C27: =IFERROR(__xludf.DUMMYFUNCTION("""COMPUTED_VALUE"""),"Вінниця") -> Вінниця | D27: =IFERROR(__xludf.DUMMYFUNCTION("""COMPUTED_VALUE"""),"Потенційний") -> Потенційний | E27: =IFERROR(__xludf.DUMMYFUNCTION("""COMPUTED_VALUE"""),"Facebook") -> Facebook
A28: =IFERROR(__xludf.DUMMYFUNCTION("""COMPUTED_VALUE"""),1027.0) -> 1027 | B28: =IFERROR(__xludf.DUMMYFUNCTION("""COMPUTED_VALUE"""),"Марта") -> Марта | C28: =IFERROR(__xludf.DUMMYFUNCTION("""COMPUTED_VALUE"""),"Запоріжжя") -> Запоріжжя | D28: =IFERROR(__xludf.DUMMYFUNCTION("""COMPUTED_VALUE"""),"Неактивний") -> Неактивний | E28: =IFERROR(__xludf.DUMMYFUNCTION("""COMPUTED_VALUE"""),"Email") -> Email
A29: =IFERROR(__xludf.DUMMYFUNCTION("""COMPUTED_VALUE"""),1028.0) -> 1028 | B29: =IFERROR(__xludf.DUMMYFUNCTION("""COMPUTED_VALUE"""),"Микита") -> Микита | C29: =IFERROR(__xludf.DUMMYFUNCTION("""COMPUTED_VALUE"""),"Полтава") -> Полтава | D29: =IFERROR(__xludf.DUMMYFUNCTION("""COMPUTED_VALUE"""),"Активний") -> Активний | E29: =IFERROR(__xludf.DUMMYFUNCTION("""COMPUTED_VALUE"""),"Google Ads") -> Google Ads
A30: =IFERROR(__xludf.DUMMYFUNCTION("""COMPUTED_VALUE"""),1029.0) -> 1029 | B30: =IFERROR(__xludf.DUMMYFUNCTION("""COMPUTED_VALUE"""),"Дарина") -> Дарина | C30: =IFERROR(__xludf.DUMMYFUNCTION("""COMPUTED_VALUE"""),"Черкаси") -> Черкаси | D30: =IFERROR(__xludf.DUMMYFUNCTION("""COMPUTED_VALUE"""),"Потенційний") -> Потенційний | E30: =IFERROR(__xludf.DUMMYFUNCTION("""COMPUTED_VALUE"""),"YouTube") -> YouTube
A31: =IFERROR(__xludf.DUMMYFUNCTION("""COMPUTED_VALUE"""),1030.0) -> 1030 | B31: =IFERROR(__xludf.DUMMYFUNCTION("""COMPUTED_VALUE"""),"Євген") -> Євген | C31: =IFERROR(__xludf.DUMMYFUNCTION("""COMPUTED_VALUE"""),"Ужгород") -> Ужгород | D31: =IFERROR(__xludf.DUMMYFUNCTION("""COMPUTED_VALUE"""),"Неактивний") -> Неактивний | E31: =IFERROR(__xludf.DUMMYFUNCTION("""COMPUTED_VALUE"""),"TikTok") -> TikTok
A32: =IFERROR(__xludf.DUMMYFUNCTION("""COMPUTED_VALUE"""),1031.0) -> 1031 | B32: =IFERROR(__xludf.DUMMYFUNCTION("""COMPUTED_VALUE"""),"Наталія") -> Наталія | C32: =IFERROR(__xludf.DUMMYFUNCTION("""COMPUTED_VALUE"""),"Київ") -> Київ | D32: =IFERROR(__xludf.DUMMYFUNCTION("""COMPUTED_VALUE"""),"Активний") -> Активний | E32: =IFERROR(__xludf.DUMMYFUNCTION("""COMPUTED_VALUE"""),"Instagram") -> Instagram
A33: =IFERROR(__xludf.DUMMYFUNCTION("""COMPUTED_VALUE"""),1032.0) -> 1032 | B33: =IFERROR(__xludf.DUMMYFUNCTION("""COMPUTED_VALUE"""),"Владислав") -> Владислав | C33: =IFERROR(__xludf.DUMMYFUNCTION("""COMPUTED_VALUE"""),"Львів") -> Львів | D33: =IFERROR(__xludf.DUMMYFUNCTION("""COMPUTED_VALUE"""),"Потенційний") -> Потенційний | E33: =IFERROR(__xludf.DUMMYFUNCTION("""COMPUTED_VALUE"""),"Facebook") -> Facebook
A34: =IFERROR(__xludf.DUMMYFUNCTION("""COMPUTED_VALUE"""),1033.0) -> 1033 | B34: =IFERROR(__xludf.DUMMYFUNCTION("""COMPUTED_VALUE"""),"Софія") -> Софія | C34: =IFERROR(__xludf.DUMMYFUNCTION("""COMPUTED_VALUE"""),"Одеса") -> Одеса | D34: =IFERROR(__xludf.DUMMYFUNCTION("""COMPUTED_VALUE"""),"Неактивний") -> Неактивний | E34: =IFERROR(__xludf.DUMMYFUNCTION("""COMPUTED_VALUE"""),"Email") -> Email
A35: =IFERROR(__xludf.DUMMYFUNCTION("""COMPUTED_VALUE"""),1034.0) -> 1034 | B35: =IFERROR(__xludf.DUMMYFUNCTION("""COMPUTED_VALUE"""),"Ілля") -> Ілля | C35: =IFERROR(__xludf.DUMMYFUNCTION("""COMPUTED_VALUE"""),"Харків") -> Харків | D35: =IFERROR(__xludf.DUMMYFUNCTION("""COMPUTED_VALUE"""),"Активний") -> Активний | E35: =IFERROR(__xludf.DUMMYFUNCTION("""COMPUTED_VALUE"""),"Google Ads") -> Google Ads
A36: =IFERROR(__xludf.DUMMYFUNCTION("""COMPUTED_VALUE"""),1035.0) -> 1035 | B36: =IFERROR(__xludf.DUMMYFUNCTION("""COMPUTED_VALUE"""),"Тимур") -> Тимур | C36: =IFERROR(__xludf.DUMMYFUNCTION("""COMPUTED_VALUE"""),"Дніпро") -> Дніпро | D36: =IFERROR(__xludf.DUMMYFUNCTION("""COMPUTED_VALUE"""),"Потенційний") -> Потенційний | E36: =IFERROR(__xludf.DUMMYFUNCTION("""COMPUTED_VALUE"""),"YouTube") -> YouTube
A37: =IFERROR(__xludf.DUMMYFUNCTION("""COMPUTED_VALUE"""),1036.0) -> 1036 | B37: =IFERROR(__xludf.DUMMYFUNCTION("""COMPUTED_VALUE"""),"Вероніка") -> Вероніка | C37: =IFERROR(__xludf.DUMMYFUNCTION("""COMPUTED_VALUE"""),"Вінниця") -> Вінниця | D37: =IFERROR(__xludf.DUMMYFUNCTION("""COMPUTED_VALUE"""),"Неактивний") -> Неактивний | E37: =IFERROR(__xludf.DUMMYFUNCTION("""COMPUTED_VALUE"""),"TikTok") -> TikTok
A38: =IFERROR(__xludf.DUMMYFUNCTION("""COMPUTED_VALUE"""),1037.0) -> 1037 | B38: =IFERROR(__xludf.DUMMYFUNCTION("""COMPUTED_VALUE"""),"Леся") -> Леся | C38: =IFERROR(__xludf.DUMMYFUNCTION("""COMPUTED_VALUE"""),"Запоріжжя") -> Запоріжжя | D38: =IFERROR(__xludf.DUMMYFUNCTION("""COMPUTED_VALUE"""),"Активний") -> Активний | E38: =IFERROR(__xludf.DUMMYFUNCTION("""COMPUTED_VALUE"""),"Instagram") -> Instagram
A39: =IFERROR(__xludf.DUMMYFUNCTION("""COMPUTED_VALUE"""),1038.0) -> 1038 | B39: =IFERROR(__xludf.DUMMYFUNCTION("""COMPUTED_VALUE"""),"Павло") -> Павло | C39: =IFERROR(__xludf.DUMMYFUNCTION("""COMPUTED_VALUE"""),"Полтава") -> Полтава | D39: =IFERROR(__xludf.DUMMYFUNCTION("""COMPUTED_VALUE"""),"Потенційний") -> Потенційний | E39: =IFERROR(__xludf.DUMMYFUNCTION("""COMPUTED_VALUE"""),"Facebook") -> Facebook
A40: =IFERROR(__xludf.DUMMYFUNCTION("""COMPUTED_VALUE"""),1039.0) -> 1039 | B40: =IFERROR(__xludf.DUMMYFUNCTION("""COMPUTED_VALUE"""),"Яна") -> Яна | C40: =IFERROR(__xludf.DUMMYFUNCTION("""COMPUTED_VALUE"""),"Черкаси") -> Черкаси | D40: =IFERROR(__xludf.DUMMYFUNCTION("""COMPUTED_VALUE"""),"Неактивний") -> Неактивний | E40: =IFERROR(__xludf.DUMMYFUNCTION("""COMPUTED_VALUE"""),"Email") -> Email
A41: =IFERROR(__xludf.DUMMYFUNCTION("""COMPUTED_VALUE"""),1040.0) -> 1040 | B41: =IFERROR(__xludf.DUMMYFUNCTION("""COMPUTED_VALUE"""),"Олеся") -> Олеся | C41: =IFERROR(__xludf.DUMMYFUNCTION("""COMPUTED_VALUE"""),"Ужгород") -> Ужгород | D41: =IFERROR(__xludf.DUMMYFUNCTION("""COMPUTED_VALUE"""),"Активний") -> Активний | E41: =IFERROR(__xludf.DUMMYFUNCTION("""COMPUTED_VALUE"""),"Google Ads") -> Google Ads
A42: =IFERROR(__xludf.DUMMYFUNCTION("""COMPUTED_VALUE"""),1041.0) -> 1041 | B42: =IFERROR(__xludf.DUMMYFUNCTION("""COMPUTED_VALUE"""),"Арсен") -> Арсен | C42: =IFERROR(__xludf.DUMMYFUNCTION("""COMPUTED_VALUE"""),"Київ") -> Київ | D42: =IFERROR(__xludf.DUMMYFUNCTION("""COMPUTED_VALUE"""),"Потенційний") -> Потенційний | E42: =IFERROR(__xludf.DUMMYFUNCTION("""COMPUTED_VALUE"""),"YouTube") -> YouTube
A43: =IFERROR(__xludf.DUMMYFUNCTION("""COMPUTED_VALUE"""),1042.0) -> 1042 | B43: =IFERROR(__xludf.DUMMYFUNCTION("""COMPUTED_VALUE"""),"Вікторія") -> Вікторія | C43: =IFERROR(__xludf.DUMMYFUNCTION("""COMPUTED_VALUE"""),"Львів") -> Львів | D43: =IFERROR(__xludf.DUMMYFUNCTION("""COMPUTED_VALUE"""),"Неактивний") -> Неактивний | E43: =IFERROR(__xludf.DUMMYFUNCTION("""COMPUTED_VALUE"""),"TikTok") -> TikTok
A44: =IFERROR(__xludf.DUMMYFUNCTION("""COMPUTED_VALUE"""),1043.0) -> 1043 | B44: =IFERROR(__xludf.DUMMYFUNCTION("""COMPUTED_VALUE"""),"Аліна") -> Аліна | C44: =IFERROR(__xludf.DUMMYFUNCTION("""COMPUTED_VALUE"""),"Одеса") -> Одеса | D44: =IFERROR(__xludf.DUMMYFUNCTION("""COMPUTED_VALUE"""),"Активний") -> Активний | E44: =IFERROR(__xludf.DUMMYFUNCTION("""COMPUTED_VALUE"""),"Instagram") -> Instagram
A45: =IFERROR(__xludf.DUMMYFUNCTION("""COMPUTED_VALUE"""),1044.0) -> 1044 | B45: =IFERROR(__xludf.DUMMYFUNCTION("""COMPUTED_VALUE"""),"Данило") -> Данило | C45: =IFERROR(__xludf.DUMMYFUNCTION("""COMPUTED_VALUE"""),"Харків") -> Харків | D45: =IFERROR(__xludf.DUMMYFUNCTION("""COMPUTED_VALUE"""),"Потенційний") -> Потенційний | E45: =IFERROR(__xludf.DUMMYFUNCTION("""COMPUTED_VALUE"""),"Facebook") -> Facebook
A46: =IFERROR(__xludf.DUMMYFUNCTION("""COMPUTED_VALUE"""),1045.0) -> 1045 | B46: =IFERROR(__xludf.DUMMYFUNCTION("""COMPUTED_VALUE"""),"Станіслав") -> Станіслав | C46: =IFERROR(__xludf.DUMMYFUNCTION("""COMPUTED_VALUE"""),"Дніпро") -> Дніпро | D46: =IFERROR(__xludf.DUMMYFUNCTION("""COMPUTED_VALUE"""),"Неактивний") -> Неактивний | E46: =IFERROR(__xludf.DUMMYFUNCTION("""COMPUTED_VALUE"""),"Email") -> Email
A47: =IFERROR(__xludf.DUMMYFUNCTION("""COMPUTED_VALUE"""),1046.0) -> 1046 | B47: =IFERROR(__xludf.DUMMYFUNCTION("""COMPUTED_VALUE"""),"Юрій") -> Юрій | C47: =IFERROR(__xludf.DUMMYFUNCTION("""COMPUTED_VALUE"""),"Вінниця") -> Вінниця | D47: =IFERROR(__xludf.DUMMYFUNCTION("""COMPUTED_VALUE"""),"Активний") -> Активний | E47: =IFERROR(__xludf.DUMMYFUNCTION("""COMPUTED_VALUE"""),"Google Ads") -> Google Ads
A48: =IFERROR(__xludf.DUMMYFUNCTION("""COMPUTED_VALUE"""),1047.0) -> 1047 | B48: =IFERROR(__xludf.DUMMYFUNCTION("""COMPUTED_VALUE"""),"Ніна") -> Ніна | C48: =IFERROR(__xludf.DUMMYFUNCTION("""COMPUTED_VALUE"""),"Запоріжжя") -> Запоріжжя | D48: =IFERROR(__xludf.DUMMYFUNCTION("""COMPUTED_VALUE"""),"Потенційний") -> Потенційний | E48: =IFERROR(__xludf.DUMMYFUNCTION("""COMPUTED_VALUE"""),"YouTube") -> YouTube
A49: =IFERROR(__xludf.DUMMYFUNCTION("""COMPUTED_VALUE"""),1048.0) -> 1048 | B49: =IFERROR(__xludf.DUMMYFUNCTION("""COMPUTED_VALUE"""),"Валентина") -> Валентина | C49: =IFERROR(__xludf.DUMMYFUNCTION("""COMPUTED_VALUE"""),"Полтава") -> Полтава | D49: =IFERROR(__xludf.DUMMYFUNCTION("""COMPUTED_VALUE"""),"Неактивний") -> Неактивний | E49: =IFERROR(__xludf.DUMMYFUNCTION("""COMPUTED_VALUE"""),"TikTok") -> TikTok
A50: =IFERROR(__xludf.DUMMYFUNCTION("""COMPUTED_VALUE"""),1049.0) -> 1049 | B50: =IFERROR(__xludf.DUMMYFUNCTION("""COMPUTED_VALUE"""),"Іван") -> Іван | C50: =IFERROR(__xludf.DUMMYFUNCTION("""COMPUTED_VALUE"""),"Черкаси") -> Черкаси | D50: =IFERROR(__xludf.DUMMYFUNCTION("""COMPUTED_VALUE"""),"Активний") -> Активний | E50: =IFERROR(__xludf.DUMMYFUNCTION("""COMPUTED_VALUE"""),"Instagram") -> Instagram
A51: =IFERROR(__xludf.DUMMYFUNCTION("""COMPUTED_VALUE"""),1050.0) -> 1050 | B51: =IFERROR(__xludf.DUMMYFUNCTION("""COMPUTED_VALUE"""),"Кирило") -> Кирило | C51: =IFERROR(__xludf.DUMMYFUNCTION("""COMPUTED_VALUE"""),"Ужгород") -> Ужгород | D51: =IFERROR(__xludf.DUMMYFUNCTION("""COMPUTED_VALUE"""),"Потенційний") -> Потенційний | E51: =IFERROR(__xludf.DUMMYFUNCTION("""COMPUTED_VALUE"""),"Facebook") -> Facebook
A52: =IFERROR(__xludf.DUMMYFUNCTION("""COMPUTED_VALUE"""),1051.0) -> 1051 | B52: =IFERROR(__xludf.DUMMYFUNCTION("""COMPUTED_VALUE"""),"Марина") -> Марина | C52: =IFERROR(__xludf.DUMMYFUNCTION("""COMPUTED_VALUE"""),"Київ") -> Київ | D52: =IFERROR(__xludf.DUMMYFUNCTION("""COMPUTED_VALUE"""),"Неактивний") -> Неактивний | E52: =IFERROR(__xludf.DUMMYFUNCTION("""COMPUTED_VALUE"""),"Email") -> Email
A53: =IFERROR(__xludf.DUMMYFUNCTION("""COMPUTED_VALUE"""),1052.0) -> 1052 | B53: =IFERROR(__xludf.DUMMYFUNCTION("""COMPUTED_VALUE"""),"Андрій") -> Андрій | C53: =IFERROR(__xludf.DUMMYFUNCTION("""COMPUTED_VALUE"""),"Львів") -> Львів | D53: =IFERROR(__xludf.DUMMYFUNCTION("""COMPUTED_VALUE"""),"Активний") -> Активний | E53: =IFERROR(__xludf.DUMMYFUNCTION("""COMPUTED_VALUE"""),"Google Ads") -> Google Ads
A54: =IFERROR(__xludf.DUMMYFUNCTION("""COMPUTED_VALUE"""),1053.0) -> 1053 | B54: =IFERROR(__xludf.DUMMYFUNCTION("""COMPUTED_VALUE"""),"Олена") -> Олена | C54: =IFERROR(__xludf.DUMMYFUNCTION("""COMPUTED_VALUE"""),"Одеса") -> Одеса | D54: =IFERROR(__xludf.DUMMYFUNCTION("""COMPUTED_VALUE"""),"Потенційний") -> Потенційний | E54: =IFERROR(__xludf.DUMMYFUNCTION("""COMPUTED_VALUE"""),"YouTube") -> YouTube
A55: =IFERROR(__xludf.DUMMYFUNCTION("""COMPUTED_VALUE"""),1054.0) -> 1054 | B55: =IFERROR(__xludf.DUMMYFUNCTION("""COMPUTED_VALUE"""),"Тетяна") -> Тетяна | C55: =IFERROR(__xludf.DUMMYFUNCTION("""COMPUTED_VALUE"""),"Харків") -> Харків | D55: =IFERROR(__xludf.DUMMYFUNCTION("""COMPUTED_VALUE"""),"Неактивний") -> Неактивний | E55: =IFERROR(__xludf.DUMMYFUNCTION("""COMPUTED_VALUE"""),"TikTok") -> TikTok
A56: =IFERROR(__xludf.DUMMYFUNCTION("""COMPUTED_VALUE"""),1055.0) -> 1055 | B56: =IFERROR(__xludf.DUMMYFUNCTION("""COMPUTED_VALUE"""),"Дмитро") -> Дмитро | C56: =IFERROR(__xludf.DUMMYFUNCTION("""COMPUTED_VALUE"""),"Дніпро") -> Дніпро | D56: =IFERROR(__xludf.DUMMYFUNCTION("""COMPUTED_VALUE"""),"Активний") -> Активний | E56: =IFERROR(__xludf.DUMMYFUNCTION("""COMPUTED_VALUE"""),"Instagram") -> Instagram
A57: =IFERROR(__xludf.DUMMYFUNCTION("""COMPUTED_VALUE"""),1056.0) -> 1056 | B57: =IFERROR(__xludf.DUMMYFUNCTION("""COMPUTED_VALUE"""),"Сергій") -> Сергій | C57: =IFERROR(__xludf.DUMMYFUNCTION("""COMPUTED_VALUE"""),"Вінниця") -> Вінниця | D57: =IFERROR(__xludf.DUMMYFUNCTION("""COMPUTED_VALUE"""),"Потенційний") -> Потенційний | E57: =IFERROR(__xludf.DUMMYFUNCTION("""COMPUTED_VALUE"""),"Facebook") -> Facebook
A58: =IFERROR(__xludf.DUMMYFUNCTION("""COMPUTED_VALUE"""),1057.0) -> 1057 | B58: =IFERROR(__xludf.DUMMYFUNCTION("""COMPUTED_VALUE"""),"Юлія") -> Юлія | C58: =IFERROR(__xludf.DUMMYFUNCTION("""COMPUTED_VALUE"""),"Запоріжжя") -> Запоріжжя | D58: =IFERROR(__xludf.DUMMYFUNCTION("""COMPUTED_VALUE"""),"Неактивний") -> Неактивний | E58: =IFERROR(__xludf.DUMMYFUNCTION("""COMPUTED_VALUE"""),"Email") -> Email
A59: =IFERROR(__xludf.DUMMYFUNCTION("""COMPUTED_VALUE"""),1058.0) -> 1058 | B59: =IFERROR(__xludf.DUMMYFUNCTION("""COMPUTED_VALUE"""),"Назар") -> Назар | C59: =IFERROR(__xludf.DUMMYFUNCTION("""COMPUTED_VALUE"""),"Полтава") -> Полтава | D59: =IFERROR(__xludf.DUMMYFUNCTION("""COMPUTED_VALUE"""),"Активний") -> Активний | E59: =IFERROR(__xludf.DUMMYFUNCTION("""COMPUTED_VALUE"""),"Google Ads") -> Google Ads
A60: =IFERROR(__xludf.DUMMYFUNCTION("""COMPUTED_VALUE"""),1059.0) -> 1059 | B60: =IFERROR(__xludf.DUMMYFUNCTION("""COMPUTED_VALUE"""),"Ірина") -> Ірина | C60: =IFERROR(__xludf.DUMMYFUNCTION("""COMPUTED_VALUE"""),"Черкаси") -> Черкаси | D60: =IFERROR(__xludf.DUMMYFUNCTION("""COMPUTED_VALUE"""),"Потенційний") -> Потенційний | E60: =IFERROR(__xludf.DUMMYFUNCTION("""COMPUTED_VALUE"""),"YouTube") -> YouTube
A61: =IFERROR(__xludf.DUMMYFUNCTION("""COMPUTED_VALUE"""),1060.0) -> 1060 | B61: =IFERROR(__xludf.DUMMYFUNCTION("""COMPUTED_VALUE"""),"Богдан") -> Богдан | C61: =IFERROR(__xludf.DUMMYFUNCTION("""COMPUTED_VALUE"""),"Ужгород") -> Ужгород | D61: =IFERROR(__xludf.DUMMYFUNCTION("""COMPUTED_VALUE"""),"Неактивний") -> Неактивний | E61: =IFERROR(__xludf.DUMMYFUNCTION("""COMPUTED_VALUE"""),"TikTok") -> TikTok
A62: =IFERROR(__xludf.DUMMYFUNCTION("""COMPUTED_VALUE"""),1061.0) -> 1061 | B62: =IFERROR(__xludf.DUMMYFUNCTION("""COMPUTED_VALUE"""),"Анастасія") -> Анастасія | C62: =IFERROR(__xludf.DUMMYFUNCTION("""COMPUTED_VALUE"""),"Київ") -> Київ | D62: =IFERROR(__xludf.DUMMYFUNCTION("""COMPUTED_VALUE"""),"Активний") -> Активний | E62: =IFERROR(__xludf.DUMMYFUNCTION("""COMPUTED_VALUE"""),"Instagram") -> Instagram
A63: =IFERROR(__xludf.DUMMYFUNCTION("""COMPUTED_VALUE"""),1062.0) -> 1062 | B63: =IFERROR(__xludf.DUMMYFUNCTION("""COMPUTED_VALUE"""),"Максим") -> Максим | C63: =IFERROR(__xludf.DUMMYFUNCTION("""COMPUTED_VALUE"""),"Львів") -> Львів | D63: =IFERROR(__xludf.DUMMYFUNCTION("""COMPUTED_VALUE"""),"Потенційний") -> Потенційний | E63: =IFERROR(__xludf.DUMMYFUNCTION("""COMPUTED_VALUE"""),"Facebook") -> Facebook
A64: =IFERROR(__xludf.DUMMYFUNCTION("""COMPUTED_VALUE"""),1063.0) -> 1063 | B64: =IFERROR(__xludf.DUMMYFUNCTION("""COMPUTED_VALUE"""),"Анна") -> Анна | C64: =IFERROR(__xludf.DUMMYFUNCTION("""COMPUTED_VALUE"""),"Одеса") -> Одеса | D64: =IFERROR(__xludf.DUMMYFUNCTION("""COMPUTED_VALUE"""),"Неактивний") -> Неактивний | E64: =IFERROR(__xludf.DUMMYFUNCTION("""COMPUTED_VALUE"""),"Email") -> Email
A65: =IFERROR(__xludf.DUMMYFUNCTION("""COMPUTED_VALUE"""),1064.0) -> 1064 | B65: =IFERROR(__xludf.DUMMYFUNCTION("""COMPUTED_VALUE"""),"Артем") -> Артем | C65: =IFERROR(__xludf.DUMMYFUNCTION("""COMPUTED_VALUE"""),"Харків") -> Харків | D65: =IFERROR(__xludf.DUMMYFUNCTION("""COMPUTED_VALUE"""),"Активний") -> Активний | E65: =IFERROR(__xludf.DUMMYFUNCTION("""COMPUTED_VALUE"""),"Google Ads") -> Google Ads
A66: =IFERROR(__xludf.DUMMYFUNCTION("""COMPUTED_VALUE"""),1065.0) -> 1065 | B66: =IFERROR(__xludf.DUMMYFUNCTION("""COMPUTED_VALUE"""),"Олександр") -> Олександр | C66: =IFERROR(__xludf.DUMMYFUNCTION("""COMPUTED_VALUE"""),"Дніпро") -> Дніпро | D66: =IFERROR(__xludf.DUMMYFUNCTION("""COMPUTED_VALUE"""),"Потенційний") -> Потенційний | E66: =IFERROR(__xludf.DUMMYFUNCTION("""COMPUTED_VALUE"""),"YouTube") -> YouTube
A67: =IFERROR(__xludf.DUMMYFUNCTION("""COMPUTED_VALUE"""),1066.0) -> 1066 | B67: =IFERROR(__xludf.DUMMYFUNCTION("""COMPUTED_VALUE"""),"Катерина") -> Катерина | C67: =IFERROR(__xludf.DUMMYFUNCTION("""COMPUTED_VALUE"""),"Вінниця") -> Вінниця | D67: =IFERROR(__xludf.DUMMYFUNCTION("""COMPUTED_VALUE"""),"Неактивний") -> Неактивний | E67: =IFERROR(__xludf.DUMMYFUNCTION("""COMPUTED_VALUE"""),"TikTok") -> TikTok
A68: =IFERROR(__xludf.DUMMYFUNCTION("""COMPUTED_VALUE"""),1067.0) -> 1067 | B68: =IFERROR(__xludf.DUMMYFUNCTION("""COMPUTED_VALUE"""),"Віктор") -> Віктор | C68: =IFERROR(__xludf.DUMMYFUNCTION("""COMPUTED_VALUE"""),"Запоріжжя") -> Запоріжжя | D68: =IFERROR(__xludf.DUMMYFUNCTION("""COMPUTED_VALUE"""),"Активний") -> Активний | E68: =IFERROR(__xludf.DUMMYFUNCTION("""COMPUTED_VALUE"""),"Instagram") -> Instagram
A69: =IFERROR(__xludf.DUMMYFUNCTION("""COMPUTED_VALUE"""),1068.0) -> 1068 | B69: =IFERROR(__xludf.DUMMYFUNCTION("""COMPUTED_VALUE"""),"Алла") -> Алла | C69: =IFERROR(__xludf.DUMMYFUNCTION("""COMPUTED_VALUE"""),"Полтава") -> Полтава | D69: =IFERROR(__xludf.DUMMYFUNCTION("""COMPUTED_VALUE"""),"Потенційний") -> Потенційний | E69: =IFERROR(__xludf.DUMMYFUNCTION("""COMPUTED_VALUE"""),"Facebook") -> Facebook
A70: =IFERROR(__xludf.DUMMYFUNCTION("""COMPUTED_VALUE"""),1069.0) -> 1069 | B70: =IFERROR(__xludf.DUMMYFUNCTION("""COMPUTED_VALUE"""),"Ярослав") -> Ярослав | C70: =IFERROR(__xludf.DUMMYFUNCTION("""COMPUTED_VALUE"""),"Черкаси") -> Черкаси | D70: =IFERROR(__xludf.DUMMYFUNCTION("""COMPUTED_VALUE"""),"Неактивний") -> Неактивний | E70: =IFERROR(__xludf.DUMMYFUNCTION("""COMPUTED_VALUE"""),"Email") -> Email
A71: =IFERROR(__xludf.DUMMYFUNCTION("""COMPUTED_VALUE"""),1070.0) -> 1070 | B71: =IFERROR(__xludf.DUMMYFUNCTION("""COMPUTED_VALUE"""),"Роман") -> Роман | C71: =IFERROR(__xludf.DUMMYFUNCTION("""COMPUTED_VALUE"""),"Ужгород") -> Ужгород | D71: =IFERROR(__xludf.DUMMYFUNCTION("""COMPUTED_VALUE"""),"Активний") -> Активний | E71: =IFERROR(__xludf.DUMMYFUNCTION("""COMPUTED_VALUE"""),"Google Ads") -> Google Ads
A72: =IFERROR(__xludf.DUMMYFUNCTION("""COMPUTED_VALUE"""),1071.0) -> 1071 | B72: =IFERROR(__xludf.DUMMYFUNCTION("""COMPUTED_VALUE"""),"Олег") -> Олег | C72: =IFERROR(__xludf.DUMMYFUNCTION("""COMPUTED_VALUE"""),"Київ") -> Київ | D72: =IFERROR(__xludf.DUMMYFUNCTION("""COMPUTED_VALUE"""),"Потенційний") -> Потенційний | E72: =IFERROR(__xludf.DUMMYFUNCTION("""COMPUTED_VALUE"""),"YouTube") -> YouTube
A73: =IFERROR(__xludf.DUMMYFUNCTION("""COMPUTED_VALUE"""),1072.0) -> 1072 | B73: =IFERROR(__xludf.DUMMYFUNCTION("""COMPUTED_VALUE"""),"Світлана") -> Світлана | C73: =IFERROR(__xludf.DUMMYFUNCTION("""COMPUTED_VALUE"""),"Львів") -> Львів | D73: =IFERROR(__xludf.DUMMYFUNCTION("""COMPUTED_VALUE"""),"Неактивний") -> Неактивний | E73: =IFERROR(__xludf.DUMMYFUNCTION("""COMPUTED_VALUE"""),"TikTok") -> TikTok
A74: =IFERROR(__xludf.DUMMYFUNCTION("""COMPUTED_VALUE"""),1073.0) -> 1073 | B74: =IFERROR(__xludf.DUMMYFUNCTION("""COMPUTED_VALUE"""),"Жанна") -> Жанна | C74: =IFERROR(__xludf.DUMMYFUNCTION("""COMPUTED_VALUE"""),"Одеса") -> Одеса | D74: =IFERROR(__xludf.DUMMYFUNCTION("""COMPUTED_VALUE"""),"Активний") -> Активний | E74: =IFERROR(__xludf.DUMMYFUNCTION("""COMPUTED_VALUE"""),"Instagram") -> Instagram
A75: =IFERROR(__xludf.DUMMYFUNCTION("""COMPUTED_VALUE"""),1074.0) -> 1074 | B75: =IFERROR(__xludf.DUMMYFUNCTION("""COMPUTED_VALUE"""),"Ігор") -> Ігор | C75: =IFERROR(__xludf.DUMMYFUNCTION("""COMPUTED_VALUE"""),"Харків") -> Харків | D75: =IFERROR(__xludf.DUMMYFUNCTION("""COMPUTED_VALUE"""),"Потенційний") -> Потенційний | E75: =IFERROR(__xludf.DUMMYFUNCTION("""COMPUTED_VALUE"""),"Facebook") -> Facebook
A76: =IFERROR(__xludf.DUMMYFUNCTION("""COMPUTED_VALUE"""),1075.0) -> 1075 | B76: =IFERROR(__xludf.DUMMYFUNCTION("""COMPUTED_VALUE"""),"Зоряна") -> Зоряна | C76: =IFERROR(__xludf.DUMMYFUNCTION("""COMPUTED_VALUE"""),"Дніпро") -> Дніпро | D76: =IFERROR(__xludf.DUMMYFUNCTION("""COMPUTED_VALUE"""),"Неактивний") -> Неактивний | E76: =IFERROR(__xludf.DUMMYFUNCTION("""COMPUTED_VALUE"""),"Email") -> Email
A77: =IFERROR(__xludf.DUMMYFUNCTION("""COMPUTED_VALUE"""),1076.0) -> 1076 | B77: =IFERROR(__xludf.DUMMYFUNCTION("""COMPUTED_VALUE"""),"Руслан") -> Руслан | C77: =IFERROR(__xludf.DUMMYFUNCTION("""COMPUTED_VALUE"""),"Вінниця") -> Вінниця | D77: =IFERROR(__xludf.DUMMYFUNCTION("""COMPUTED_VALUE"""),"Активний") -> Активний | E77: =IFERROR(__xludf.DUMMYFUNCTION("""COMPUTED_VALUE"""),"Google Ads") -> Google Ads
A78: =IFERROR(__xludf.DUMMYFUNCTION("""COMPUTED_VALUE"""),1077.0) -> 1077 | B78: =IFERROR(__xludf.DUMMYFUNCTION("""COMPUTED_VALUE"""),"Марта") -> Марта | C78: =IFERROR(__xludf.DUMMYFUNCTION("""COMPUTED_VALUE"""),"Запоріжжя") -> Запоріжжя | D78: =IFERROR(__xludf.DUMMYFUNCTION("""COMPUTED_VALUE"""),"Потенційний") -> Потенційний | E78: =IFERROR(__xludf.DUMMYFUNCTION("""COMPUTED_VALUE"""),"YouTube") -> YouTube
A79: =IFERROR(__xludf.DUMMYFUNCTION("""COMPUTED_VALUE"""),1078.0) -> 1078 | B79: =IFERROR(__xludf.DUMMYFUNCTION("""COMPUTED_VALUE"""),"Микита") -> Микита | C79: =IFERROR(__xludf.DUMMYFUNCTION("""COMPUTED_VALUE"""),"Полтава") -> Полтава | D79: =IFERROR(__xludf.DUMMYFUNCTION("""COMPUTED_VALUE"""),"Неактивний") -> Неактивний | E79: =IFERROR(__xludf.DUMMYFUNCTION("""COMPUTED_VALUE"""),"TikTok") -> TikTok
A80: =IFERROR(__xludf.DUMMYFUNCTION("""COMPUTED_VALUE"""),1079.0) -> 1079 | B80: =IFERROR(__xludf.DUMMYFUNCTION("""COMPUTED_VALUE"""),"Дарина") -> Дарина | C80: =IFERROR(__xludf.DUMMYFUNCTION("""COMPUTED_VALUE"""),"Черкаси") -> Черкаси | D80: =IFERROR(__xludf.DUMMYFUNCTION("""COMPUTED_VALUE"""),"Активний") -> Активний | E80: =IFERROR(__xludf.DUMMYFUNCTION("""COMPUTED_VALUE"""),"Instagram") -> Instagram
A81: =IFERROR(__xludf.DUMMYFUNCTION("""COMPUTED_VALUE"""),1080.0) -> 1080 | B81: =IFERROR(__xludf.DUMMYFUNCTION("""COMPUTED_VALUE"""),"Євген") -> Євген | C81: =IFERROR(__xludf.DUMMYFUNCTION("""COMPUTED_VALUE"""),"Ужгород") -> Ужгород | D81: =IFERROR(__xludf.DUMMYFUNCTION("""COMPUTED_VALUE"""),"Потенційний") -> Потенційний | E81: =IFERROR(__xludf.DUMMYFUNCTION("""COMPUTED_VALUE"""),"Facebook") -> Facebook
A82: =IFERROR(__xludf.DUMMYFUNCTION("""COMPUTED_VALUE"""),1081.0) -> 1081 | B82: =IFERROR(__xludf.DUMMYFUNCTION("""COMPUTED_VALUE"""),"Наталія") -> Наталія | C82: =IFERROR(__xludf.DUMMYFUNCTION("""COMPUTED_VALUE"""),"Київ") -> Київ | D82: =IFERROR(__xludf.DUMMYFUNCTION("""COMPUTED_VALUE"""),"Неактивний") -> Неактивний | E82: =IFERROR(__xludf.DUMMYFUNCTION("""COMPUTED_VALUE"""),"Email") -> Email
A83: =IFERROR(__xludf.DUMMYFUNCTION("""COMPUTED_VALUE"""),1082.0) -> 1082 | B83: =IFERROR(__xludf.DUMMYFUNCTION("""COMPUTED_VALUE"""),"Владислав") -> Владислав | C83: =IFERROR(__xludf.DUMMYFUNCTION("""COMPUTED_VALUE"""),"Львів") -> Львів | D83: =IFERROR(__xludf.DUMMYFUNCTION("""COMPUTED_VALUE"""),"Активний") -> Активний | E83: =IFERROR(__xludf.DUMMYFUNCTION("""COMPUTED_VALUE"""),"Google Ads") -> Google Ads
A84: =IFERROR(__xludf.DUMMYFUNCTION("""COMPUTED_VALUE"""),1083.0) -> 1083 | B84: =IFERROR(__xludf.DUMMYFUNCTION("""COMPUTED_VALUE"""),"Софія") -> Софія | C84: =IFERROR(__xludf.DUMMYFUNCTION("""COMPUTED_VALUE"""),"Одеса") -> Одеса | D84: =IFERROR(__xludf.DUMMYFUNCTION("""COMPUTED_VALUE"""),"Потенційний") -> Потенційний | E84: =IFERROR(__xludf.DUMMYFUNCTION("""COMPUTED_VALUE"""),"YouTube") -> YouTube
A85: =IFERROR(__xludf.DUMMYFUNCTION("""COMPUTED_VALUE"""),1084.0) -> 1084 | B85: =IFERROR(__xludf.DUMMYFUNCTION("""COMPUTED_VALUE"""),"Ілля") -> Ілля | C85: =IFERROR(__xludf.DUMMYFUNCTION("""COMPUTED_VALUE"""),"Харків") -> Харків | D85: =IFERROR(__xludf.DUMMYFUNCTION("""COMPUTED_VALUE"""),"Неактивний") -> Неактивний | E85: =IFERROR(__xludf.DUMMYFUNCTION("""COMPUTED_VALUE"""),"TikTok") -> TikTok
A86: =IFERROR(__xludf.DUMMYFUNCTION("""COMPUTED_VALUE"""),1085.0) -> 1085 | B86: =IFERROR(__xludf.DUMMYFUNCTION("""COMPUTED_VALUE"""),"Тимур") -> Тимур | C86: =IFERROR(__xludf.DUMMYFUNCTION("""COMPUTED_VALUE"""),"Дніпро") -> Дніпро | D86: =IFERROR(__xludf.DUMMYFUNCTION("""COMPUTED_VALUE"""),"Активний") -> Активний | E86: =IFERROR(__xludf.DUMMYFUNCTION("""COMPUTED_VALUE"""),"Instagram") -> Instagram
A87: =IFERROR(__xludf.DUMMYFUNCTION("""COMPUTED_VALUE"""),1086.0) -> 1086 | B87: =IFERROR(__xludf.DUMMYFUNCTION("""COMPUTED_VALUE"""),"Вероніка") -> Вероніка | C87: =IFERROR(__xludf.DUMMYFUNCTION("""COMPUTED_VALUE"""),"Вінниця") -> Вінниця | D87: =IFERROR(__xludf.DUMMYFUNCTION("""COMPUTED_VALUE"""),"Потенційний") -> Потенційний | E87: =IFERROR(__xludf.DUMMYFUNCTION("""COMPUTED_VALUE"""),"Facebook") -> Facebook
A88: =IFERROR(__xludf.DUMMYFUNCTION("""COMPUTED_VALUE"""),1087.0) -> 1087 | B88: =IFERROR(__xludf.DUMMYFUNCTION("""COMPUTED_VALUE"""),"Леся") -> Леся | C88: =IFERROR(__xludf.DUMMYFUNCTION("""COMPUTED_VALUE"""),"Запоріжжя") -> Запоріжжя | D88: =IFERROR(__xludf.DUMMYFUNCTION("""COMPUTED_VALUE"""),"Неактивний") -> Неактивний | E88: =IFERROR(__xludf.DUMMYFUNCTION("""COMPUTED_VALUE"""),"Email") -> Email
A89: =IFERROR(__xludf.DUMMYFUNCTION("""COMPUTED_VALUE"""),1088.0) -> 1088 | B89: =IFERROR(__xludf.DUMMYFUNCTION("""COMPUTED_VALUE"""),"Павло") -> Павло | C89: =IFERROR(__xludf.DUMMYFUNCTION("""COMPUTED_VALUE"""),"Полтава") -> Полтава | D89: =IFERROR(__xludf.DUMMYFUNCTION("""COMPUTED_VALUE"""),"Активний") -> Активний | E89: =IFERROR(__xludf.DUMMYFUNCTION("""COMPUTED_VALUE"""),"Google Ads") -> Google Ads
A90: =IFERROR(__xludf.DUMMYFUNCTION("""COMPUTED_VALUE"""),1089.0) -> 1089 | B90: =IFERROR(__xludf.DUMMYFUNCTION("""COMPUTED_VALUE"""),"Яна") -> Яна | C90: =IFERROR(__xludf.DUMMYFUNCTION("""COMPUTED_VALUE"""),"Черкаси") -> Черкаси | D90: =IFERROR(__xludf.DUMMYFUNCTION("""COMPUTED_VALUE"""),"Потенційний") -> Потенційний | E90: =IFERROR(__xludf.DUMMYFUNCTION("""COMPUTED_VALUE"""),"YouTube") -> YouTube
A91: =IFERROR(__xludf.DUMMYFUNCTION("""COMPUTED_VALUE"""),1090.0) -> 1090 | B91: =IFERROR(__xludf.DUMMYFUNCTION("""COMPUTED_VALUE"""),"Олеся") -> Олеся | C91: =IFERROR(__xludf.DUMMYFUNCTION("""COMPUTED_VALUE"""),"Ужгород") -> Ужгород | D91: =IFERROR(__xludf.DUMMYFUNCTION("""COMPUTED_VALUE"""),"Неактивний") -> Неактивний | E91: =IFERROR(__xludf.DUMMYFUNCTION("""COMPUTED_VALUE"""),"TikTok") -> TikTok
A92: =IFERROR(__xludf.DUMMYFUNCTION("""COMPUTED_VALUE"""),1091.0) -> 1091 | B92: =IFERROR(__xludf.DUMMYFUNCTION("""COMPUTED_VALUE"""),"Арсен") -> Арсен | C92: =IFERROR(__xludf.DUMMYFUNCTION("""COMPUTED_VALUE"""),"Київ") -> Київ | D92: =IFERROR(__xludf.DUMMYFUNCTION("""COMPUTED_VALUE"""),"Активний") -> Активний | E92: =IFERROR(__xludf.DUMMYFUNCTION("""COMPUTED_VALUE"""),"Instagram") -> Instagram
A93: =IFERROR(__xludf.DUMMYFUNCTION("""COMPUTED_VALUE"""),1092.0) -> 1092 | B93: =IFERROR(__xludf.DUMMYFUNCTION("""COMPUTED_VALUE"""),"Вікторія") -> Вікторія | C93: =IFERROR(__xludf.DUMMYFUNCTION("""COMPUTED_VALUE"""),"Львів") -> Львів | D93: =IFERROR(__xludf.DUMMYFUNCTION("""COMPUTED_VALUE"""),"Потенційний") -> Потенційний | E93: =IFERROR(__xludf.DUMMYFUNCTION("""COMPUTED_VALUE"""),"Facebook") -> Facebook
A94: =IFERROR(__xludf.DUMMYFUNCTION("""COMPUTED_VALUE"""),1093.0) -> 1093 | B94: =IFERROR(__xludf.DUMMYFUNCTION("""COMPUTED_VALUE"""),"Аліна") -> Аліна | C94: =IFERROR(__xludf.DUMMYFUNCTION("""COMPUTED_VALUE"""),"Одеса") -> Одеса | D94: =IFERROR(__xludf.DUMMYFUNCTION("""COMPUTED_VALUE"""),"Неактивний") -> Неактивний | E94: =IFERROR(__xludf.DUMMYFUNCTION("""COMPUTED_VALUE"""),"Email") -> Email
A95: =IFERROR(__xludf.DUMMYFUNCTION("""COMPUTED_VALUE"""),1094.0) -> 1094 | B95: =IFERROR(__xludf.DUMMYFUNCTION("""COMPUTED_VALUE"""),"Данило") -> Данило | C95: =IFERROR(__xludf.DUMMYFUNCTION("""COMPUTED_VALUE"""),"Харків") -> Харків | D95: =IFERROR(__xludf.DUMMYFUNCTION("""COMPUTED_VALUE"""),"Активний") -> Активний | E95: =IFERROR(__xludf.DUMMYFUNCTION("""COMPUTED_VALUE"""),"Google Ads") -> Google Ads
A96: =IFERROR(__xludf.DUMMYFUNCTION("""COMPUTED_VALUE"""),1095.0) -> 1095 | B96: =IFERROR(__xludf.DUMMYFUNCTION("""COMPUTED_VALUE"""),"Станіслав") -> Станіслав | C96: =IFERROR(__xludf.DUMMYFUNCTION("""COMPUTED_VALUE"""),"Дніпро") -> Дніпро | D96: =IFERROR(__xludf.DUMMYFUNCTION("""COMPUTED_VALUE"""),"Потенційний") -> Потенційний | E96: =IFERROR(__xludf.DUMMYFUNCTION("""COMPUTED_VALUE"""),"YouTube") -> YouTube
A97: =IFERROR(__xludf.DUMMYFUNCTION("""COMPUTED_VALUE"""),1096.0) -> 1096 | B97: =IFERROR(__xludf.DUMMYFUNCTION("""COMPUTED_VALUE"""),"Юрій") -> Юрій | C97: =IFERROR(__xludf.DUMMYFUNCTION("""COMPUTED_VALUE"""),"Вінниця") -> Вінниця | D97: =IFERROR(__xludf.DUMMYFUNCTION("""COMPUTED_VALUE"""),"Неактивний") -> Неактивний | E97: =IFERROR(__xludf.DUMMYFUNCTION("""COMPUTED_VALUE"""),"TikTok") -> TikTok
A98: =IFERROR(__xludf.DUMMYFUNCTION("""COMPUTED_VALUE"""),1097.0) -> 1097 | B98: =IFERROR(__xludf.DUMMYFUNCTION("""COMPUTED_VALUE"""),"Ніна") -> Ніна | C98: =IFERROR(__xludf.DUMMYFUNCTION("""COMPUTED_VALUE"""),"Запоріжжя") -> Запоріжжя | D98: =IFERROR(__xludf.DUMMYFUNCTION("""COMPUTED_VALUE"""),"Активний") -> Активний | E98: =IFERROR(__xludf.DUMMYFUNCTION("""COMPUTED_VALUE"""),"Instagram") -> Instagram
A99: =IFERROR(__xludf.DUMMYFUNCTION("""COMPUTED_VALUE"""),1098.0) -> 1098 | B99: =IFERROR(__xludf.DUMMYFUNCTION("""COMPUTED_VALUE"""),"Валентина") -> Валентина | C99: =IFERROR(__xludf.DUMMYFUNCTION("""COMPUTED_VALUE"""),"Полтава") -> Полтава | D99: =IFERROR(__xludf.DUMMYFUNCTION("""COMPUTED_VALUE"""),"Потенційний") -> Потенційний | E99: =IFERROR(__xludf.DUMMYFUNCTION("""COMPUTED_VALUE"""),"Facebook") -> Facebook
A100: =IFERROR(__xludf.DUMMYFUNCTION("""COMPUTED_VALUE"""),1099.0) -> 1099 | B100: =IFERROR(__xludf.DUMMYFUNCTION("""COMPUTED_VALUE"""),"Іван") -> Іван | C100: =IFERROR(__xludf.DUMMYFUNCTION("""COMPUTED_VALUE"""),"Черкаси") -> Черкаси | D100: =IFERROR(__xludf.DUMMYFUNCTION("""COMPUTED_VALUE"""),"Неактивний") -> Неактивний | E100: =IFERROR(__xludf.DUMMYFUNCTION("""COMPUTED_VALUE"""),"Email") -> Email
...

Sheet clients_tracker
A1: client_name | B1: status_from_crm | C1: channel_from_crm | D1: crm_position
A2: Дмитро | B2: =VLOOKUP($A2,crm_data!$B$1:$E$101,3,0) -> Потенційний | C2: =VLOOKUP($A2,crm_data!$B$1:$E$101,4,0) -> YouTube | D2: =MATCH($A2,crm_data!$B$2:$B997,0) -> 5
A3: Артем | B3: =VLOOKUP($A3,crm_data!$B$1:$E$101,3,0) -> Потенційний | C3: =VLOOKUP($A3,crm_data!$B$1:$E$101,4,0) -> Facebook | D3: =MATCH($A3,crm_data!$B$2:$B997,0) -> 14
A4: Марта | B4: =VLOOKUP($A4,crm_data!$B$1:$E$101,3,0) -> Неактивний | C4: =VLOOKUP($A4,crm_data!$B$1:$E$101,4,0) -> Email | D4: =MATCH($A4,crm_data!$B$2:$B997,0) -> 27
A5: Алла | B5: =VLOOKUP($A5,crm_data!$B$1:$E$101,3,0) -> Неактивний | C5: =VLOOKUP($A5,crm_data!$B$1:$E$101,4,0) -> TikTok | D5: =MATCH($A5,crm_data!$B$2:$B997,0) -> 18
A6: Юрій | B6: =VLOOKUP($A6,crm_data!$B$1:$E$101,3,0) -> Активний | C6: =VLOOKUP($A6,crm_data!$B$1:$E$101,4,0) -> Google Ads | D6: =MATCH($A6,crm_data!$B$2:$B997,0) -> 46

Sheet notes_log
A1: 45919.409 | B1: Кирило | C1: Потенційний
A2: 45919.41 | B2: Зоряна | C2: Активний
A3: 45919.411 | B3: Вікторія | C3: Неактивний
A4: 45919.412 | B4: Дмитро | C4: Потенційний
A5: 45919.412 | B5: Артем | C5: Потенційний
A6: 45919.412 | B6: Марта | C6: Неактивний
A7: 45919.412 | B7: Арсен | C7: Потенційний
A8: 45919.412 | B8: Микита | C8: Активний
A9: 45919.413 | B9: Алла | C9: Неактивний
